S.No.,State,StateId,District,DistrictId,Block,BlockId,Panchayat,PanchayatId,Village,Villageid,Census Village Name,Census Village Code,LGD Villageid,LGD Village Name,Tot Pop,SC Pop,ST Pop,GEN Pop,No. of House Holds,House Connection Provided as on 01/04/2024,Houseconnection Provided in 2024-2025 including private connection,Status
,Total,,,,,,,,,,,,,,366131,69963,147815,148353,94628,81029,113,
1,Odisha,24,Jharsuguda,354,Jharsuguda,3837,Badmal,121881,Badmal,298711,Badmal,381128,381128,Badmal,2876,852,568,1456,657,489,0,
2,Odisha,24,Jharsuguda,354,Jharsuguda,3837,Badmal,121881,Beherapali,298712,Beherapali,381129,381129,Beherapali,239,2,77,160,52,41,0,
3,Odisha,24,Jharsuguda,354,Jharsuguda,3837,Badmal,121881,Brundamal,298710,Brundamal,381127,381127,Brundamal,2933,1103,1070,760,787,405,0,
4,Odisha,24,Jharsuguda,354,Jharsuguda,3837,Badmal,121881,Pandripathar,298709,Pandripathar,381124,381124,Pandripathar,1270,247,400,623,323,282,0,
5,Odisha,24,Jharsuguda,354,Jharsuguda,3837,Chandnimal,121892,Barpali,298761,Barpali,381084,381084,Barpali,873,152,260,461,231,231,0,
6,Odisha,24,Jharsuguda,354,Jharsuguda,3837,Chandnimal,121892,Chandinimal,298764,Chandnimal,381090,381090,Chandnimal,1076,375,225,476,305,305,0,
7,Odisha,24,Jharsuguda,354,Jharsuguda,3837,Chandnimal,121892,Chichinda,298760,Chichinda,381075,381075,Chichinda,1332,260,557,515,432,395,0,
8,Odisha,24,Jharsuguda,354,Jharsuguda,3837,Chandnimal,121892,Ghusuramunda,298765,Ghusuramunda,381087,381087,Ghusuramunda,290,82,146,62,76,76,0,
9,Odisha,24,Jharsuguda,354,Jharsuguda,3837,Chandnimal,121892,Kandakuda,298763,Kandakuda,381086,381086,Kandakuda,197,6,149,42,49,49,0,
10,Odisha,24,Jharsuguda,354,Jharsuguda,3837,Chandnimal,121892,Kechhabahal,298762,Kechhobahal,381085,381085,Kechhobahal,923,106,572,245,233,202,0,
11,Odisha,24,Jharsuguda,354,Jharsuguda,3837,Dalki,121885,Banjara,298727,Banjara,381126,381126,Banjari,1150,99,160,891,118,106,0,
12,Odisha,24,Jharsuguda,354,Jharsuguda,3837,Dalki,121885,Dalki,298723,Dalki,381121,381121,Dalki,925,252,295,378,244,244,0,
13,Odisha,24,Jharsuguda,354,Jharsuguda,3837,Dalki,121885,Kumudapali,298725,Kumudapali,381123,381123,Kumudapali,547,125,187,235,151,121,0,
14,Odisha,24,Jharsuguda,354,Jharsuguda,3837,Dalki,121885,Kurebaga,298726,Kurebaga,381125,381125,Kurebaga,1098,173,373,552,342,226,0,
15,Odisha,24,Jharsuguda,354,Jharsuguda,3837,Dalki,121885,Purna,298724,Purna,381122,381122,Purna,433,13,280,140,114,103,0,
16,Odisha,24,Jharsuguda,354,Jharsuguda,3837,Durlaga,121886,Durlaga,298729,Durlaga,381111,381111,Durlaga,2326,261,813,1252,627,330,0,
17,Odisha,24,Jharsuguda,354,Jharsuguda,3837,Durlaga,121886,Saleitikra,298730,Saletikra,381112,381112,Saletikra,446,256,28,162,114,87,0,
18,Odisha,24,Jharsuguda,354,Jharsuguda,3837,Durlaga,121886,Talmal,298728,Talmal,381110,381110,Talmal,1643,163,784,696,398,206,0,
19,Odisha,24,Jharsuguda,354,Jharsuguda,3837,Gourmal,121890,Badjoba,298748,Badjob,381100,381100,Badjob,820,2,566,252,211,196,0,
20,Odisha,24,Jharsuguda,354,Jharsuguda,3837,Gourmal,121890,Chelkuthi,298745,Chelkuthi,381097,381097,Chelkuthi,258,0,86,172,60,25,0,
21,Odisha,24,Jharsuguda,354,Jharsuguda,3837,Gourmal,121890,Gourmal,298746,Gourmal,381098,381098,Gourmal,673,58,469,146,163,163,0,
22,Odisha,24,Jharsuguda,354,Jharsuguda,3837,Gourmal,121890,Madhupur,298743,Madhupur,381088,381088,Madhupur,433,41,300,92,114,110,0,
23,Odisha,24,Jharsuguda,354,Jharsuguda,3837,Gourmal,121890,Naikdihi,298744,Naikdihi,381089,381089,Naikdihi,91,17,68,6,22,17,0,
24,Odisha,24,Jharsuguda,354,Jharsuguda,3837,Gourmal,121890,Nuamunda,298749,Nuamunda,381101,381101,Nuamunda,78,0,78,0,24,24,0,
25,Odisha,24,Jharsuguda,354,Jharsuguda,3837,Gourmal,121890,Rankata,298747,Rankata,381099,381099,Rankata,358,32,154,172,86,86,0,
26,Odisha,24,Jharsuguda,354,Jharsuguda,3837,H.katapali,121888,Beherapat,298734,Beherapat,381115,381115,Beherapat,1406,548,226,632,378,170,0,
27,Odisha,24,Jharsuguda,354,Jharsuguda,3837,H.katapali,121888,Hansamurakatapali,298733,Hansamurakatapali,381114,381114,Hansamurakatapali,4969,1470,1478,2021,1206,1110,0,
28,Odisha,24,Jharsuguda,354,Jharsuguda,3837,H.katapali,121888,Lahandabud,298735,Lahandabud,381113,381113,Lahandabud,1652,291,363,998,442,442,0,
29,Odisha,24,Jharsuguda,354,Jharsuguda,3837,Hirma,121882,Hirma,298714,Hirma,381131,381131,Hirma,4469,1089,1830,1550,1066,692,0,
30,Odisha,24,Jharsuguda,354,Jharsuguda,3837,Hirma,121882,Kukurjangha,298713,Kukurjangha,381130,381130,Kukurjangha,1325,255,327,743,309,260,0,
31,Odisha,24,Jharsuguda,354,Jharsuguda,3837,Hirma,121882,Kumbhari,298715,Kumbhari,381138,381138,Kumbhari,604,94,225,285,139,139,0,
32,Odisha,24,Jharsuguda,354,Jharsuguda,3837,Hirma,121882,Luhurenkachhar,298750,Luhurenkachhar,381139,381139,Luhurenkachhar,82,20,54,8,26,0,0,
33,Odisha,24,Jharsuguda,354,Jharsuguda,3837,Hirma,121882,Terekela,298716,Tarekela,381140,381140,Tarekela,682,136,223,323,160,150,0,
34,Odisha,24,Jharsuguda,354,Jharsuguda,3837,Hirma,121882,Tumbela (tumbekela),298717,Tumbela (Tumbekela),381141,381141,Tumbekela,454,161,123,170,114,58,0,
35,Odisha,24,Jharsuguda,354,Jharsuguda,3837,Jamera,121884,Jamera,298720,Jamera,381118,381118,Jamera,1905,705,505,695,480,423,0,
36,Odisha,24,Jharsuguda,354,Jharsuguda,3837,Jamera,121884,Jamuapali,298721,Jamuapali,381119,381119,Jamuapali,612,327,105,180,176,176,0,
37,Odisha,24,Jharsuguda,354,Jharsuguda,3837,Jamera,121884,Singhabaga,298722,Singhabaga,381120,381120,Singhabaga,1275,370,237,668,308,225,0,
38,Odisha,24,Jharsuguda,354,Jharsuguda,3837,Katikela,121896,Bhagipali,655386,Bhagipali,381143,381143,Bhagipali,217,1,6,210,44,44,0,
39,Odisha,24,Jharsuguda,354,Jharsuguda,3837,Katikela,121896,Bhurkamunda,298775,Bhurkamunda,381145,381145,Bhurkamunda,999,466,422,111,222,167,0,
40,Odisha,24,Jharsuguda,354,Jharsuguda,3837,Katikela,121896,Katikela,637188,Katikela,381146,381146,Katikela,1204,305,302,597,264,264,0,
41,Odisha,24,Jharsuguda,354,Jharsuguda,3837,Kudopali,121893,Ainlapali,298768,Ainlapali,381104,381104,Ainlapali,427,128,70,229,94,65,0,
42,Odisha,24,Jharsuguda,354,Jharsuguda,3837,Kudopali,121893,Baliput,298770,Baliput,381106,381106,Baliput,315,39,76,200,68,68,0,
43,Odisha,24,Jharsuguda,354,Jharsuguda,3837,Kudopali,121893,Bundia,298767,Bundia (CT),381107,381107,Bundia (CT),3419,691,770,1958,712,144,0,
44,Odisha,24,Jharsuguda,354,Jharsuguda,3837,Kudopali,121893,Katapali,298769,Katapali,381105,381094,Katapali,658,19,321,318,149,149,0,
45,Odisha,24,Jharsuguda,354,Jharsuguda,3837,Kudopali,121893,Kudopali,298766,Kudopali,381103,381103,Kudopali,877,63,421,393,227,214,0,
46,Odisha,24,Jharsuguda,354,Jharsuguda,3837,Loisingh,121891,Baghiaberna,298754,Baghiaberna,381079,381079,Baghiaberna,348,21,197,130,78,78,0,
47,Odisha,24,Jharsuguda,354,Jharsuguda,3837,Loisingh,121891,Balangibahal,298753,Balangibahal,381078,381078,Balangibahal,334,92,33,209,82,79,0,
48,Odisha,24,Jharsuguda,354,Jharsuguda,3837,Loisingh,121891,Bhoimunda,298755,Bhoimunda,381080,381080,Bhoimunda,585,0,100,485,145,145,0,
49,Odisha,24,Jharsuguda,354,Jharsuguda,3837,Loisingh,121891,Charbhati,298759,Charbhati,381091,381091,Charbhati,1218,320,136,762,325,290,0,
50,Odisha,24,Jharsuguda,354,Jharsuguda,3837,Loisingh,121891,Koilaga,298758,Koilaga,381083,381083,Koilaga,1271,411,235,625,316,288,0,
51,Odisha,24,Jharsuguda,354,Jharsuguda,3837,Loisingh,121891,Loising,298757,Loising,381082,381082,Loisingh,763,186,241,336,263,263,0,
52,Odisha,24,Jharsuguda,354,Jharsuguda,3837,Loisingh,121891,Nikitimal,298752,Niktimal,381077,381077,Niktimal,295,15,130,150,73,73,0,
53,Odisha,24,Jharsuguda,354,Jharsuguda,3837,Loisingh,121891,Tharkaspur,298756,Tharkaspur,381081,381081,Tharkaspur,454,97,81,276,122,100,0,
54,Odisha,24,Jharsuguda,354,Jharsuguda,3837,Loisingh,121891,Tileimal,298751,Tileimal,381076,381076,Tileimal,1158,311,704,143,331,299,0,
55,Odisha,24,Jharsuguda,354,Jharsuguda,3837,Malda,121878,Khait,298701,Khait,381132,381132,Khait,262,164,64,34,68,0,0,
56,Odisha,24,Jharsuguda,354,Jharsuguda,3837,Malda,121878,Malda,298702,Malda,381133,381133,Malda,1180,160,491,529,315,76,0,
57,Odisha,24,Jharsuguda,354,Jharsuguda,3837,Malda,121878,Rampur,298703,Rampur,381134,381134,Rampur,1162,336,337,489,286,45,0,
58,Odisha,24,Jharsuguda,354,Jharsuguda,3837,Marakuta,121883,Budhipadar,298719,Budhipadar,381117,381117,Budhipadar,1254,145,537,572,299,299,0,
59,Odisha,24,Jharsuguda,354,Jharsuguda,3837,Marakuta,121883,Marakuta,298718,Marakuta,381116,381116,Marakuta,2214,712,875,627,542,500,0,
60,Odisha,24,Jharsuguda,354,Jharsuguda,3837,Patrapali,121877,Bhurusund,298700,Bhurusund,381137,381137,Bhurusund,147,121,13,13,42,0,0,
61,Odisha,24,Jharsuguda,354,Jharsuguda,3837,Patrapali,121877,Dumermunda,298698,Dumermunda,381135,381135,Dumermunda,398,134,172,92,100,0,0,
62,Odisha,24,Jharsuguda,354,Jharsuguda,3837,Patrapali,121877,Patrapali,298699,Patrapali,381136,381136,Patrapali,1850,440,695,715,479,429,0,
63,Odisha,24,Jharsuguda,354,Jharsuguda,3837,Rajpur,121889,Amdarha,298741,Amdarha,381102,381102,Amdarha,517,15,449,53,128,128,0,
64,Odisha,24,Jharsuguda,354,Jharsuguda,3837,Rajpur,121889,Baghrachaka,298739,Baghrachaka,381095,381095,Baghrachaka,1177,456,174,547,293,293,0,
65,Odisha,24,Jharsuguda,354,Jharsuguda,3837,Rajpur,121889,Beleidhuda,298742,Beleidhuda,381096,381096,Beleidhuda,39,4,35,0,7,2,0,
66,Odisha,24,Jharsuguda,354,Jharsuguda,3837,Rajpur,121889,Deogaon,298736,Deogaon,381092,381092,Deogaon,1075,352,125,598,260,260,0,
67,Odisha,24,Jharsuguda,354,Jharsuguda,3837,Rajpur,121889,Junanimunda,298740,Junanimunda,381074,381074,Junanimunda,303,5,286,12,85,85,0,
68,Odisha,24,Jharsuguda,354,Jharsuguda,3837,Rajpur,121889,Katapali,298738,Katapali,380928,381105,R.Katapali,1005,113,261,631,254,244,0,
69,Odisha,24,Jharsuguda,354,Jharsuguda,3837,Rajpur,121889,Rajpur,298737,Rajpur,381093,381093,Rajpur,1897,620,265,1012,453,453,0,
70,Odisha,24,Jharsuguda,354,Jharsuguda,3837,Sripura,121879,Kherual,298704,Kherual,381142,381142,Kherual,625,76,79,470,154,144,0,
71,Odisha,24,Jharsuguda,354,Jharsuguda,3837,Sripura,121879,Sripura,298705,Sripura,381144,381144,Sripura,1975,634,635,706,568,452,0,
72,Odisha,24,Jharsuguda,354,Jharsuguda,3837,Talpatia,121887,Talpatia,298731,Talpatia,381109,381109,Talpatia,2209,361,829,1019,621,612,0,
73,Odisha,24,Jharsuguda,354,Jharsuguda,3837,Talpatia,121887,Tangrapali,298732,Tangarpali,381108,381108,Tangarpali,1274,166,709,399,374,110,0,
74,Odisha,24,Jharsuguda,354,Kirimira,3833,Arda,121818,Arda,298431,Arda,381209,381209,Arda,4359,1293,1959,1107,1111,1111,0,
75,Odisha,24,Jharsuguda,354,Kirimira,3833,Arda,121818,Bhoidihi,298428,Bhoidihi,381186,381186,Bhoidihi,88,0,85,3,26,19,0,
76,Odisha,24,Jharsuguda,354,Kirimira,3833,Arda,121818,Dhutura,590213,Dhutra,381238,381238,Dhutra,440,0,250,190,99,99,0,
77,Odisha,24,Jharsuguda,354,Kirimira,3833,Arda,121818,Kankaramunda,298429,Kankaramunda,381210,381210,Kankaramunda,564,17,99,448,165,135,0,
78,Odisha,24,Jharsuguda,354,Kirimira,3833,Arda,121818,Saraspali,298430,Saraspali,381211,381211,Saraspali,571,18,388,165,145,108,0,
79,Odisha,24,Jharsuguda,354,Kirimira,3833,Bandhapali,121820,Bandhpali,298444,Bandhpali,381215,381215,Bandhpali,1046,213,383,450,330,222,0,
80,Odisha,24,Jharsuguda,354,Kirimira,3833,Bandhapali,121820,Bhalupatra,298445,Bhalupatra,381218,381218,Bhalupatra,1391,425,497,469,456,456,0,
81,Odisha,24,Jharsuguda,354,Kirimira,3833,Bandhapali,121820,Bhursimal,298443,Bhursimal,381214,381214,Bhursimal,328,0,156,172,95,87,0,
82,Odisha,24,Jharsuguda,354,Kirimira,3833,Bandhapali,121820,Sialrama,298442,Sialrama,381213,381213,Sialrama,966,226,601,139,277,167,0,
83,Odisha,24,Jharsuguda,354,Kirimira,3833,Bandhapali,121820,Thakurpada,298441,Tilia,381068,381216,Thakurpada,288,100,158,30,66,60,0,
84,Odisha,24,Jharsuguda,354,Kirimira,3833,Bhimjore,121822,Bhaunra,298454,Bhaunra,381149,381149,Bhaunra,1624,231,749,644,458,458,0,
85,Odisha,24,Jharsuguda,354,Kirimira,3833,Bhimjore,121822,Bhimjor,298453,Bhimjor,381150,381150,Bhimjor,697,0,508,189,192,192,0,
86,Odisha,24,Jharsuguda,354,Kirimira,3833,Bhimjore,121822,Handatupa,298455,Handatupa,381151,381151,Handatupa,1889,211,1485,193,466,452,0,
87,Odisha,24,Jharsuguda,354,Kirimira,3833,Goudpanpali,121821,Agharia Baghdihi,298452,Bagdehi,381207,381207,A.Bagdihi,377,133,22,222,119,116,0,
88,Odisha,24,Jharsuguda,354,Kirimira,3833,Goudpanpali,121821,Goudpanpali,298451,Panpali,381208,381208,Panpali,778,50,98,630,145,145,0,
89,Odisha,24,Jharsuguda,354,Kirimira,3833,Goudpanpali,121821,Jharmal,298450,Jharmal,381217,381217,Jharmal,451,203,139,109,129,114,0,
90,Odisha,24,Jharsuguda,354,Kirimira,3833,Goudpanpali,121821,Kadobahal,298449,Kadobahal,381188,381188,Kadobahal,703,123,380,200,188,188,0,
91,Odisha,24,Jharsuguda,354,Kirimira,3833,Goudpanpali,121821,Pitamal,298448,Pitamal,381178,381178,Pitamal,59,0,59,0,14,14,0,
92,Odisha,24,Jharsuguda,354,Kirimira,3833,Goudpanpali,121821,Sarasmal,298447,Sarasmal,381177,381177,Sarasmal,891,23,605,263,218,218,0,
93,Odisha,24,Jharsuguda,354,Kirimira,3833,Goudpanpali,121821,Tumbadihi,298446,Tumbadihi,381189,381189,Tumbadihi,347,0,322,25,95,88,0,
94,Odisha,24,Jharsuguda,354,Kirimira,3833,Jharmunda,121819,Barpan,298436,Barpan,381175,381175,Barpan,1471,57,1057,357,379,253,0,
95,Odisha,24,Jharsuguda,354,Kirimira,3833,Jharmunda,121819,Baujapali,298439,Baijapali,381152,381152,Baijapali,657,91,542,24,184,104,0,
96,Odisha,24,Jharsuguda,354,Kirimira,3833,Jharmunda,121819,Chamardihi,298438,Chamardihi,381192,381192,Chamardihi,998,148,227,623,269,201,0,
97,Odisha,24,Jharsuguda,354,Kirimira,3833,Jharmunda,121819,Gurlabahal,298437,Gurlabahal,381205,381205,Gurlabahal,384,20,249,115,107,66,0,
98,Odisha,24,Jharsuguda,354,Kirimira,3833,Jharmunda,121819,Jharmunda,298435,Jharmunda,381176,381176,Jharmunda,3174,424,1292,1458,848,344,0,
99,Odisha,24,Jharsuguda,354,Kirimira,3833,Jharmunda,121819,Khadangadihi,298434,Khadangadihi,381190,381190,Khadangadihi,103,0,0,103,34,26,0,
100,Odisha,24,Jharsuguda,354,Kirimira,3833,Jharmunda,121819,Kuluthmal,298433,Kuluthmal,381193,381193,Kuluthmal,891,31,610,250,229,164,0,
101,Odisha,24,Jharsuguda,354,Kirimira,3833,Jharmunda,121819,Telidihi,298432,Telidihi,381191,381191,Telidihi,683,158,218,307,238,163,0,
102,Odisha,24,Jharsuguda,354,Kirimira,3833,Kirmira,121816,Halkadhipa,298418,Halkadhipa,381220,381220,Halkadhipa,453,18,205,230,105,105,0,
103,Odisha,24,Jharsuguda,354,Kirimira,3833,Kirmira,121816,Kirmira,298417,Kirmira,381221,381221,Kirmira,3961,557,2227,1177,912,912,0,
104,Odisha,24,Jharsuguda,354,Kirimira,3833,Naxapali,121815,Bidmal,298415,Bidmal,381219,381219,Bidmal,2719,415,1324,980,730,229,0,
105,Odisha,24,Jharsuguda,354,Kirimira,3833,Naxapali,121815,Nxapali,590214,,,381206,Naksapali,4719,704,2567,1448,1352,990,0,
106,Odisha,24,Jharsuguda,354,Kirimira,3833,Sulehi,121817,Bungaberna,298422,Bungaberna,381179,381179,Bungaberna,127,11,66,50,33,33,0,
107,Odisha,24,Jharsuguda,354,Kirimira,3833,Sulehi,121817,Chakbuda,298424,Chakbuda,381147,381147,Chakbuda,257,35,198,24,79,79,0,
108,Odisha,24,Jharsuguda,354,Kirimira,3833,Sulehi,121817,Chandarpur,298425,Chandarpur,381184,381184,Chandarpur,1496,228,1053,215,424,322,0,
109,Odisha,24,Jharsuguda,354,Kirimira,3833,Sulehi,121817,Deopan,298420,Deopan,381185,381185,Deopan,1803,302,1441,60,464,269,0,
110,Odisha,24,Jharsuguda,354,Kirimira,3833,Sulehi,121817,Dhengurjor,298421,Dhengurjor,381181,381181,Dhengurjor,412,22,363,27,114,114,0,
111,Odisha,24,Jharsuguda,354,Kirimira,3833,Sulehi,121817,Dumberdihi,298419,Dumberdihi,381180,381180,Dumberdihi,107,0,48,59,28,28,0,
112,Odisha,24,Jharsuguda,354,Kirimira,3833,Sulehi,121817,Mangaradihi,298426,Mangaradihi,381183,381183,Mangaradihi,333,10,322,1,92,92,0,
113,Odisha,24,Jharsuguda,354,Kirimira,3833,Sulehi,121817,Mednipur,298427,Mednipur,381182,381182,Mednipur,137,0,114,23,36,36,0,
114,Odisha,24,Jharsuguda,354,Kirimira,3833,Sulehi,121817,Sulehi,298423,Sulahi,381148,381148,Sulahi,1751,314,944,493,463,463,0,
115,Odisha,24,Jharsuguda,354,Kolabira,3834,Jhirlapali,121826,Badbahal,298472,Badbahal,381263,381263,Badbahal,751,79,444,228,227,227,0,
116,Odisha,24,Jharsuguda,354,Kolabira,3834,Jhirlapali,121826,J.pandkimal,298475,Pandkimal(J),381271,381271,Pandkimal(J),798,315,166,317,251,168,0,
117,Odisha,24,Jharsuguda,354,Kolabira,3834,Jhirlapali,121826,Jhirlapali,298471,Jhirlapali,381236,381236,Jhirlapali,1977,413,825,739,572,572,0,
118,Odisha,24,Jharsuguda,354,Kolabira,3834,Jhirlapali,121826,Kumardihi,298473,Kumuradihi,381264,381264,Kumuradihi,111,0,111,0,31,31,0,
119,Odisha,24,Jharsuguda,354,Kolabira,3834,Jhirlapali,121826,Kundursingha,298474,Kundursingha,381265,381265,Kundursingha,1054,287,581,186,288,288,0,
120,Odisha,24,Jharsuguda,354,Kolabira,3834,Keldamal,121827,Gudigaon,298477,Gudigaon,381212,381212,Gudigaon,1761,393,774,594,464,464,0,
121,Odisha,24,Jharsuguda,354,Kolabira,3834,Keldamal,121827,Jammal (kulta),298479,Jammal(Kulta),381242,381242,Jammal(Kulta),239,43,0,196,71,71,0,
122,Odisha,24,Jharsuguda,354,Kolabira,3834,Keldamal,121827,Kelenda,298478,Kelenda,381239,381239,Kelenda,1370,135,841,394,332,332,0,
123,Odisha,24,Jharsuguda,354,Kolabira,3834,Keldamal,121827,Kelendamal,298476,Kelendamal,381243,381243,Keldamal,834,234,189,411,210,210,0,
124,Odisha,24,Jharsuguda,354,Kolabira,3834,Keldamal,121827,Khunapali,298482,Khunapali,381241,381241,Khunapali,627,55,252,320,153,153,0,
125,Odisha,24,Jharsuguda,354,Kolabira,3834,Keldamal,121827,Nuapali,298480,Nuapali,381245,381245,Nuapali,339,4,162,173,102,102,0,
126,Odisha,24,Jharsuguda,354,Kolabira,3834,Keldamal,121827,Rengalpali,298483,Rengalpali,381244,381244,Rengalpali,740,33,397,310,195,195,0,
127,Odisha,24,Jharsuguda,354,Kolabira,3834,Keldamal,121827,Sunajharia,298481,Sunajharia,381246,381246,Sunajharia,300,29,171,100,75,75,0,
128,Odisha,24,Jharsuguda,354,Kolabira,3834,Kolabira,121829,Dandabuda,298490,Dandabuda,381255,381255,Dandabuda,472,80,85,307,148,106,0,
129,Odisha,24,Jharsuguda,354,Kolabira,3834,Kolabira,121829,Kolabira,298489,Kolabira,381250,381250,Kolabira,2190,326,840,1024,581,500,31,
130,Odisha,24,Jharsuguda,354,Kolabira,3834,Kolabira,121829,Salepali,298492,Salepali,381254,381254,Salepali,760,74,582,104,224,152,0,
131,Odisha,24,Jharsuguda,354,Kolabira,3834,Kolabira,121829,Sanyasipali,298493,Sanyasipali,381262,381262,Sanyasipali,682,46,563,73,167,159,0,
132,Odisha,24,Jharsuguda,354,Kolabira,3834,Kolabira,121829,Tarekela,298491,Tarekela,381256,381256,Tarekela,1477,240,1020,217,390,390,0,
133,Odisha,24,Jharsuguda,354,Kolabira,3834,Kulihamal,121831,Dhubenbud,298498,Dhubenbud,381267,381267,Dhubenbud,519,71,230,218,145,141,0,
134,Odisha,24,Jharsuguda,354,Kolabira,3834,Kulihamal,121831,Jamchuan,298501,Jamchuan,381268,381268,Jamchuan,77,0,71,6,23,23,0,
135,Odisha,24,Jharsuguda,354,Kolabira,3834,Kulihamal,121831,Kulhiamal,298497,Kulhiamal,381266,381266,Kulhiamal,1093,209,621,263,315,148,0,
136,Odisha,24,Jharsuguda,354,Kolabira,3834,Kulihamal,121831,Kusumdihi,298500,Kusumdihi,381261,381261,Kusumdihi,549,0,486,63,150,122,0,
137,Odisha,24,Jharsuguda,354,Kolabira,3834,Kulihamal,121831,S.pandaki Mal,298499,Pandakimal(S),381260,381260,Pandakimal(S),822,14,744,64,200,200,0,
138,Odisha,24,Jharsuguda,354,KOLABIRA,3834,PARMAN PUR,121830,PARMANPUR,298494,Parmanpur,381253,381253,Parmanpur,2677,203,1374,1100,692,692,0,
139,Odisha,24,Jharsuguda,354,KOLABIRA,3834,PARMAN PUR,121830,PATRAPALI,298495,Patrapali,381252,381252,Patrapali,1541,271,344,926,413,413,0,
140,Odisha,24,Jharsuguda,354,KOLABIRA,3834,PARMAN PUR,121830,SIRIAPALI,298496,Siriapali,381240,381240,Siriapali,1777,415,755,607,424,424,0,
141,Odisha,24,Jharsuguda,354,Kolabira,3834,Pokharasala,121824,Amati,298464,Amati,381272,381272,Amati,885,176,609,100,243,212,0,
142,Odisha,24,Jharsuguda,354,Kolabira,3834,Pokharasala,121824,Bairagidihi,298466,Bairagidihi,381274,381274,Bairagidihi,140,62,1,77,44,0,0,
143,Odisha,24,Jharsuguda,354,Kolabira,3834,Pokharasala,121824,Dhengurjore,298467,Dhengurjore,381275,381275,Dhengurjore,158,0,146,12,43,22,0,
144,Odisha,24,Jharsuguda,354,Kolabira,3834,Pokharasala,121824,Gamhapali,298463,Gamhapali,381269,381269,Gamhapali,1125,229,423,473,348,106,0,
145,Odisha,24,Jharsuguda,354,Kolabira,3834,Pokharasala,121824,Lariapali,298465,Lariapali,381273,381273,Lariapali,998,89,508,401,265,209,0,
146,Odisha,24,Jharsuguda,354,Kolabira,3834,Pokharasala,121824,Ludung,298461,Ludung,381270,381270,Ludung,2043,173,1059,811,560,440,0,
147,Odisha,24,Jharsuguda,354,Kolabira,3834,Pokharasala,121824,Pukhrasale,298462,Pukhrasale,381237,381237,Pokharasale,1783,257,707,819,487,357,0,
148,Odisha,24,Jharsuguda,354,Kolabira,3834,Raghunath Pali,121823,Butupali,298457,Butupali,381233,381233,Butupali,505,110,17,378,145,145,0,
149,Odisha,24,Jharsuguda,354,Kolabira,3834,Raghunath Pali,121823,Paikpada,298460,Paikpada,381249,381249,Paikpada,877,171,289,417,278,278,0,
150,Odisha,24,Jharsuguda,354,Kolabira,3834,Raghunath Pali,121823,Raghunathpali,298456,Raghunathpali,381251,381251,Raghunathpali,2703,232,455,2016,722,722,0,
151,Odisha,24,Jharsuguda,354,Kolabira,3834,Raghunath Pali,121823,Sahajbahal,298458,Sahajbahal,381234,381234,Sahajbahal,242,18,156,68,67,67,0,
152,Odisha,24,Jharsuguda,354,Kolabira,3834,Raghunath Pali,121823,Singhibahal,298459,Singibahal,381248,381248,Singibahal,466,161,122,183,131,131,0,
153,Odisha,24,Jharsuguda,354,Kolabira,3834,Samasingha,121825,Bhograpali,298470,Bhograpali,381259,381259,Bhograpali,425,83,58,284,113,113,0,
154,Odisha,24,Jharsuguda,354,Kolabira,3834,Samasingha,121825,Jaladihi,298469,Jaladihi,381257,381257,Jaladihi,604,22,582,0,163,163,0,
155,Odisha,24,Jharsuguda,354,Kolabira,3834,Samasingha,121825,Samasingha,298468,Samasingha,381258,381258,Samasingha,3693,926,833,1934,1037,1037,0,
156,Odisha,24,Jharsuguda,354,Kolabira,3834,Sodamal,121828,Amnapali,298485,Amnapali,381277,381277,Amnapali,790,264,311,215,229,229,0,
157,Odisha,24,Jharsuguda,354,Kolabira,3834,Sodamal,121828,Ganjermal,298487,Ganjermal,381279,381279,Ganjermal,297,14,272,11,89,48,0,
158,Odisha,24,Jharsuguda,354,Kolabira,3834,Sodamal,121828,Guchhapali,298486,Guchhapali,381278,381278,Guchhapali,884,235,390,259,280,247,0,
159,Odisha,24,Jharsuguda,354,Kolabira,3834,Sodamal,121828,Mangara Pali,298488,Magarapali,381280,381280,Magarapali,327,6,251,70,90,90,0,
160,Odisha,24,Jharsuguda,354,Kolabira,3834,Sodamal,121828,Sodamal,298484,Sodamal,381276,381276,Sodamal,3527,716,1951,860,1020,770,0,
161,Odisha,24,Jharsuguda,354,Laikera,3835,Bahuchhipidihi,121836,Babuchipidihi,298520,Babuchipidihi,381155,381155,Babuchipidihi,1759,281,1170,308,450,450,0,
162,Odisha,24,Jharsuguda,354,Laikera,3835,Bahuchhipidihi,121836,Baiganbud,298519,Baiganbud,381154,381154,Baiganbud,523,204,300,19,145,145,0,
163,Odisha,24,Jharsuguda,354,Laikera,3835,Bahuchhipidihi,121836,Banki,298518,Banki,381153,381153,Banki,527,14,462,51,134,120,0,
164,Odisha,24,Jharsuguda,354,Laikera,3835,Bahuchhipidihi,121836,Dudukabahal,298521,Dudukabahal,381174,381174,Dudukabahal,540,114,338,88,136,136,0,
165,Odisha,24,Jharsuguda,354,Laikera,3835,Bahuchhipidihi,121836,Kuanrmal,298523,Kuanrmal,381195,381195,Kuanrmal,533,90,236,207,121,121,0,
166,Odisha,24,Jharsuguda,354,Laikera,3835,Bahuchhipidihi,121836,Pankelkhol,298522,Pankelkhol,381194,381194,Pankelkhol,623,35,450,138,129,129,0,
167,Odisha,24,Jharsuguda,354,Laikera,3835,Bhatlaida,121839,Bhatlaida,298535,Bhatlaida,381235,381235,Bhatlaida,2399,479,894,1026,720,624,0,
168,Odisha,24,Jharsuguda,354,Laikera,3835,Bhatlaida,121839,Kankmal,298532,Kankmal,381230,381230,Kankmal,647,155,262,230,185,106,0,
169,Odisha,24,Jharsuguda,354,Laikera,3835,Bhatlaida,121839,Murdipali,298534,Muradipali,381232,381232,Muradipali,781,11,630,140,221,190,0,
170,Odisha,24,Jharsuguda,354,Laikera,3835,Bhatlaida,121839,Udiapali,298533,Udiapali,381231,381231,Udiapali,2077,226,1378,473,544,376,0,
171,Odisha,24,Jharsuguda,354,Laikera,3835,Jammal,121842,Ganjudihi,298544,Ganjudihi,381159,381159,Ganjudihi,722,89,478,155,195,150,0,
172,Odisha,24,Jharsuguda,354,Laikera,3835,Jammal,121842,Jammal,298543,Jammal,381157,381157,Jammal,1191,99,1057,35,344,268,0,
173,Odisha,24,Jharsuguda,354,Laikera,3835,Jammal,121842,Naik Karla,298542,Karla,381156,381156,Naik Karla,402,54,218,130,121,0,0,
174,Odisha,24,Jharsuguda,354,Laikera,3835,Jammal,121842,Routbahal,298546,Routbahal,381172,381172,Routbahal,501,62,419,20,120,107,0,
175,Odisha,24,Jharsuguda,354,Laikera,3835,Jammal,121842,Tapugunja,298545,Tapgunja,381160,381160,Tapgunja,837,138,508,191,221,107,0,
176,Odisha,24,Jharsuguda,354,Laikera,3835,Khuntamal,121840,Barhamusa,298536,Barhamusa,381199,381199,Barhamusa,432,26,324,82,122,81,0,
177,Odisha,24,Jharsuguda,354,Laikera,3835,Khuntamal,121840,Khontamal,298538,Khontamal,381201,381201,Khuntamal,1733,296,807,630,430,290,0,
178,Odisha,24,Jharsuguda,354,Laikera,3835,Khuntamal,121840,Sudung,298537,Sudung,381200,381200,Sudung,1704,185,1330,189,404,404,0,
179,Odisha,24,Jharsuguda,354,Laikera,3835,Kulemura,121838,Gouribud,298529,Gouribud,381202,381202,Gouribud,29,0,14,15,8,8,0,
180,Odisha,24,Jharsuguda,354,Laikera,3835,Kulemura,121838,Kulemara,298530,Kulemura,381225,381225,Kulemura,2766,708,915,1143,809,809,0,
181,Odisha,24,Jharsuguda,354,Laikera,3835,Kulemura,121838,Mundrajore,298531,Mundrajore,381229,381229,Mundrajore,2028,427,689,912,571,571,0,
182,Odisha,24,Jharsuguda,354,Laikera,3835,Laikera,121834,Laikera,298512,Laikera,381222,381222,Laikera,2412,337,451,1624,653,587,0,
183,Odisha,24,Jharsuguda,354,Laikera,3835,Laikera,121834,Panpali,298513,Panpali,381223,381223,G.Panpali,375,371,2,2,113,88,0,
184,Odisha,24,Jharsuguda,354,Laikera,3835,Laikera,121834,Rengalbeda,298511,Rengalbeda,381204,381204,Rengalbeda,963,143,437,383,285,186,0,
185,Odisha,24,Jharsuguda,354,Laikera,3835,Niktimal,121841,Nikitimal,298540,Niktimal,381227,381227,Niktimal,3500,789,1451,1260,1010,1010,0,
186,Odisha,24,Jharsuguda,354,Laikera,3835,Niktimal,121841,Sandhurian,298541,Sandhuriam,381228,381228,Sandhuriam,749,192,120,437,201,157,0,
187,Odisha,24,Jharsuguda,354,Laikera,3835,Pakelpada,121837,Karmapada,298525,Karmapada,381168,381168,Karmapada,198,0,188,10,46,46,0,
188,Odisha,24,Jharsuguda,354,Laikera,3835,Pakelpada,121837,Khajurkhaman,298526,Khajurkhaman,381169,381169,Khajurkhaman,252,9,239,4,67,67,0,
189,Odisha,24,Jharsuguda,354,Laikera,3835,Pakelpada,121837,Nandamunda,298528,Nandamunda,381166,381166,Nandamunda,327,51,249,27,82,82,0,
190,Odisha,24,Jharsuguda,354,Laikera,3835,Pakelpada,121837,Pakelpada,298524,Pakelpada,381167,381167,Pakelpada,2010,268,1361,381,565,565,0,
191,Odisha,24,Jharsuguda,354,Laikera,3835,Pakelpada,121837,Talmunda,298527,Talmunda,381170,381170,Talmunda,2323,449,1205,669,627,627,0,
192,Odisha,24,Jharsuguda,354,Laikera,3835,Sahaspur,121835,Chandimal,298517,Chandnimal,381198,381198,Chandnimal,520,46,206,268,138,92,0,
193,Odisha,24,Jharsuguda,354,Laikera,3835,Sahaspur,121835,Naikbandhpali,298515,Naikbandhpali,381173,381173,Naikbandhpali,548,151,150,247,161,140,0,
194,Odisha,24,Jharsuguda,354,Laikera,3835,Sahaspur,121835,Ramchipidihi,298514,Ramchipidihi,381171,381171,Ramchipidihi,911,186,627,98,258,126,0,
195,Odisha,24,Jharsuguda,354,Laikera,3835,Sahaspur,121835,Sahaspur,298516,Sahaspur,381197,381197,Sahaspur,2315,642,1029,644,634,607,0,
196,Odisha,24,Jharsuguda,354,Laikera,3835,Sarangloi,121832,Aintapali,298503,Aintapali,381224,381224,Aintapali,3313,773,1661,879,911,484,0,
197,Odisha,24,Jharsuguda,354,Laikera,3835,Sarangloi,121832,Manjurdima,298504,Majurdima,381203,381203,Majurdima,973,323,219,431,280,252,0,
198,Odisha,24,Jharsuguda,354,Laikera,3835,Sarangloi,121832,Sarangloi,298502,Sarangloi,381196,381196,Sarangloi,2251,418,985,848,662,622,0,
199,Odisha,24,Jharsuguda,354,Laikera,3835,Tileimal,121833,Badhuriam,298508,Baddhuriam,381163,381163,Baddhuriam,1763,203,1171,389,423,413,0,
200,Odisha,24,Jharsuguda,354,Laikera,3835,Tileimal,121833,Kadodarha,298510,Kadodarha,381165,381165,Kadodarha,590,87,314,189,186,126,0,
201,Odisha,24,Jharsuguda,354,Laikera,3835,Tileimal,121833,Kankkumra,298507,Kankkumra,381162,381162,Kankkumar,813,49,597,167,218,55,0,
202,Odisha,24,Jharsuguda,354,Laikera,3835,Tileimal,121833,Kukerama,298505,Kukerama,381158,381158,Kukerama,507,111,349,47,156,156,0,
203,Odisha,24,Jharsuguda,354,Laikera,3835,Tileimal,121833,Nuagaon,298506,Nuagaon,381161,381161,Nuagaon,124,15,90,19,40,40,0,
204,Odisha,24,Jharsuguda,354,Laikera,3835,Tileimal,121833,Tileimal,298509,Tileimal,381164,381164,Tileimal,818,17,596,205,232,232,0,
205,Odisha,24,Jharsuguda,354,Lakhanpur,3836,Attabira,121854,Attabira,298600,Attabira,380948,380948,Attabira,2223,231,779,1213,535,535,0,
206,Odisha,24,Jharsuguda,354,Lakhanpur,3836,Attabira,121854,Bhundapali,298601,Bhundupali,380930,380930,Bhundupali,1041,73,448,520,245,245,0,
207,Odisha,24,Jharsuguda,354,Lakhanpur,3836,Attabira,121854,Girolpali,298602,Girolpali,380929,380929,Girolpali,464,92,53,319,114,114,0,
208,Odisha,24,Jharsuguda,354,Lakhanpur,3836,Attabira,121854,Katapali,298604,Katapali,381094,380928,Katapali,1374,165,355,854,305,305,0,
209,Odisha,24,Jharsuguda,354,Lakhanpur,3836,Attabira,121854,Kumar,298603,Kumar,380931,380931,Kumar,1418,160,612,646,324,324,0,
210,Odisha,24,Jharsuguda,354,Lakhanpur,3836,Badimal,121848,Baddarha,298571,Baddarha,380986,380986,Baddarha,1095,141,44,910,226,226,0,
211,Odisha,24,Jharsuguda,354,Lakhanpur,3836,Badimal,121848,Badimal,298569,Badimal,381047,380954,Badimal,429,195,96,138,107,107,0,
212,Odisha,24,Jharsuguda,354,Lakhanpur,3836,Badimal,121848,Kanjijharan,298572,Kanjijharan,380955,380955,Kanjijharan,219,70,74,75,55,55,0,
213,Odisha,24,Jharsuguda,354,Lakhanpur,3836,Badimal,121848,Kusmel,298570,Kusmel,380985,380985,Kusmel,734,253,49,432,154,154,0,
214,Odisha,24,Jharsuguda,354,Lakhanpur,3836,Bagmumda,121860,Baghmunda,298632,Baghmunda,381016,381016,Baghmunda,4037,865,672,2500,973,973,0,
215,Odisha,24,Jharsuguda,354,Lakhanpur,3836,Bagmumda,121860,Singharpur,298634,Singharpur,381015,381015,Singharpur,963,159,361,443,207,207,0,
216,Odisha,24,Jharsuguda,354,Lakhanpur,3836,Bandhabahal,121869,Bndhabahal,298669,,,381073,Bandhbahal (CT),3840,427,500,2913,820,820,0,
217,Odisha,24,Jharsuguda,354,Lakhanpur,3836,Banjari,121863,Banjari,298646,Banjari,381007,381007,Banjari,1112,156,683,273,209,209,0,
218,Odisha,24,Jharsuguda,354,Lakhanpur,3836,Banjari,121863,Bartap,298647,Bartap,381008,381008,Bartap,912,63,498,351,261,261,0,
219,Odisha,24,Jharsuguda,354,Lakhanpur,3836,Banjari,121863,Chaurimahul,298649,Chaurimahul,381006,381006,Chaurimahul,456,4,282,170,158,158,0,
220,Odisha,24,Jharsuguda,354,Lakhanpur,3836,Banjari,121863,Goindola,298648,Girindola,381005,381005,Girindola,1654,431,757,466,384,212,0,
221,Odisha,24,Jharsuguda,354,Lakhanpur,3836,Bhaurkhol,121859,Bhaunrkhol,298628,Bhaunrkhol,381013,381013,Bhaunrkhol,1191,82,578,531,276,217,0,
222,Odisha,24,Jharsuguda,354,Lakhanpur,3836,Bhaurkhol,121859,Kholjamkani,298629,Kholjamkani,381012,381012,Kholjamkani,73,7,66,0,19,19,0,
223,Odisha,24,Jharsuguda,354,Lakhanpur,3836,Bhaurkhol,121859,Sagarpali,298630,Sagarpali,380970,380970,Sagarpali,1655,442,644,569,418,171,36,
224,Odisha,24,Jharsuguda,354,Lakhanpur,3836,Bhaurkhol,121859,Thebra,298631,Thebra,381014,381014,Thebra,1438,457,585,396,362,350,0,
225,Odisha,24,Jharsuguda,354,Lakhanpur,3836,Bhikampali,121849,Bausenpali(a),298574,Bausenpali(A),380943,380943,Bausenpali(A),910,212,280,418,216,216,0,
226,Odisha,24,Jharsuguda,354,Lakhanpur,3836,Bhikampali,121849,Chhuipali,298579,Chhuipali,380983,380983,Chhuipali,116,8,65,43,18,18,0,
227,Odisha,24,Jharsuguda,354,Lakhanpur,3836,Bhikampali,121849,Chikhilapali,298578,Chikhilapali,380957,380957,Chikhilapali,1137,107,360,670,341,341,0,
228,Odisha,24,Jharsuguda,354,Lakhanpur,3836,Bhikampali,121849,Jamapali,298577,Jamapali,380982,380982,Jamapali,954,209,549,196,242,242,0,
229,Odisha,24,Jharsuguda,354,Lakhanpur,3836,Bhikampali,121849,Kadamghat,298576,Kadamghat,380950,380950,Kadamghat,75,0,6,69,20,20,0,
230,Odisha,24,Jharsuguda,354,Lakhanpur,3836,Bhikampali,121849,Vikampali,298575,Bhikampali,380956,380956,Bhikampali,921,82,388,451,225,225,0,
231,Odisha,24,Jharsuguda,354,Lakhanpur,3836,Charpali,121845,Chantipali,298556,Chantipali,380994,380994,Chantipali,784,109,33,642,166,166,0,
232,Odisha,24,Jharsuguda,354,Lakhanpur,3836,Charpali,121845,Charpali,298555,Charpali,380993,380993,Charpali,542,295,84,163,199,199,0,
233,Odisha,24,Jharsuguda,354,Lakhanpur,3836,Charpali,121845,Dhulunda,298557,Dhulunda,380992,380992,Dhulunda,2183,529,152,1502,469,469,0,
234,Odisha,24,Jharsuguda,354,Lakhanpur,3836,Charpali,121845,Muralipali,298558,Muralipali,380996,380996,Muralipali,780,138,100,542,186,186,0,
235,Odisha,24,Jharsuguda,354,Lakhanpur,3836,Charpali,121845,Sareipali,298559,Sareipali,380995,380995,Sareipali,315,14,76,225,67,67,0,
236,Odisha,24,Jharsuguda,354,Lakhanpur,3836,Dolagaon,121871,Badimal,298675,Badimal,380954,381047,Badimal,1038,183,373,482,267,267,0,
237,Odisha,24,Jharsuguda,354,Lakhanpur,3836,Dolagaon,121871,Basupali,298676,Basupali,381052,381052,Basupali,496,101,162,233,137,137,0,
238,Odisha,24,Jharsuguda,354,Lakhanpur,3836,Dolagaon,121871,Dalgaon,298681,Dalgaon,381051,381051,Dalgaon,1959,451,998,510,446,446,0,
239,Odisha,24,Jharsuguda,354,Lakhanpur,3836,Dolagaon,121871,Dudulsingha,298679,Dudulsingha,381046,381046,Dudulsingha,864,488,45,331,235,235,0,
240,Odisha,24,Jharsuguda,354,Lakhanpur,3836,Dolagaon,121871,Gudiali,298678,Girindola,381005,381045,Gudiali,1653,431,756,466,695,695,0,
241,Odisha,24,Jharsuguda,354,Lakhanpur,3836,Dolagaon,121871,Negipali,298680,Negipali,381060,381060,Negipali,1025,240,574,211,234,234,0,
242,Odisha,24,Jharsuguda,354,Lakhanpur,3836,Dolagaon,121871,Solpali,298677,Solpali,381055,381055,Solpali,178,102,57,19,44,39,0,
243,Odisha,24,Jharsuguda,354,Lakhanpur,3836,Jamgaon,121856,Jamgaon,298611,Jamgaon,380963,380963,Jamgaon,1711,586,295,830,482,454,0,
244,Odisha,24,Jharsuguda,354,Lakhanpur,3836,Jamgaon,121856,Lachhipali,298612,Lachhipali,380977,380977,Lachhipali,477,299,34,144,126,107,16,
245,Odisha,24,Jharsuguda,354,Lakhanpur,3836,Jamgaon,121856,Telen,298613,Telen,380964,380964,Telen,278,76,93,109,64,49,0,
246,Odisha,24,Jharsuguda,354,Lakhanpur,3836,Kadamdihi,121858,Belijharan,298627,Betjharani,380968,380968,Betjharani,462,25,198,239,102,102,0,
247,Odisha,24,Jharsuguda,354,Lakhanpur,3836,Kadamdihi,121858,Bhaurachaka,298621,Bhaurachaka,380974,380974,Bhaurachaka,523,89,140,294,119,83,0,
248,Odisha,24,Jharsuguda,354,Lakhanpur,3836,Kadamdihi,121858,Dudugaon,298624,Dudugaon,380969,380969,Dudugaon,455,15,110,330,110,66,0,
249,Odisha,24,Jharsuguda,354,Lakhanpur,3836,Kadamdihi,121858,Govindpur,298623,Govindpur,380973,380973,Govindpur,556,29,406,121,140,96,0,
250,Odisha,24,Jharsuguda,354,Lakhanpur,3836,Kadamdihi,121858,Kadamdihi,298625,Kadamdihi,380972,380972,Kadamdihi,690,107,127,456,152,152,0,
251,Odisha,24,Jharsuguda,354,Lakhanpur,3836,Kadamdihi,121858,Kutrapali,298622,Kutrapali,380967,380967,Kutrapali,478,114,171,193,111,111,0,
252,Odisha,24,Jharsuguda,354,Lakhanpur,3836,Kadamdihi,121858,Parsian,298626,Parsian,380971,380971,Parsian,872,317,267,288,204,204,0,
253,Odisha,24,Jharsuguda,354,Lakhanpur,3836,Kanaktora,121847,Jhargaon (b),298566,Jhargaon(B),380951,380951,Jhargaon(B),593,67,166,360,133,133,0,
254,Odisha,24,Jharsuguda,354,Lakhanpur,3836,Kanaktora,121847,Kanaktora,298564,Kanaktora,380953,380953,Kanaktora,2666,354,741,1571,480,480,0,
255,Odisha,24,Jharsuguda,354,Lakhanpur,3836,Kanaktora,121847,Kuhakunda,298565,Kuhakunda,380952,380952,Kuhakunda,435,60,78,297,93,93,0,
256,Odisha,24,Jharsuguda,354,Lakhanpur,3836,Kanaktora,121847,Luhabaga,298567,Luhabaga,380987,380987,Luhabaga,974,123,154,697,226,193,0,
257,Odisha,24,Jharsuguda,354,Lakhanpur,3836,Kandeikela,121843,Kandheikela,298549,Kandheikela,380999,380999,Kandheikela,3226,570,665,1991,752,752,0,
258,Odisha,24,Jharsuguda,354,Lakhanpur,3836,Kandeikela,121843,Semilia,298548,Tingismal,381022,380998,Semilia,826,208,361,257,204,204,0,
259,Odisha,24,Jharsuguda,354,Lakhanpur,3836,Kandeikela,121843,Sukhasoda,298547,Sukhasodha,380997,380997,Sukhasodha,782,226,89,467,174,96,0,
260,Odisha,24,Jharsuguda,354,Lakhanpur,3836,Katarbaga,121852,Banjipali,298594,,,380945,Banjipali,208,10,95,103,45,42,0,
261,Odisha,24,Jharsuguda,354,Lakhanpur,3836,Katarbaga,121852,Baunsenpali (b),298595,Bausenpali(B),380949,380949,Bausenpali(B),692,155,44,493,190,190,0,
262,Odisha,24,Jharsuguda,354,Lakhanpur,3836,Katarbaga,121852,Katarbaga,298591,Katarbaga,380942,380942,Katarbaga,1135,142,498,495,276,276,0,
263,Odisha,24,Jharsuguda,354,Lakhanpur,3836,Katarbaga,121852,Sahasbaga,298592,Sahasbaga,380962,380962,Sahasbaga,557,300,54,203,135,106,0,
264,Odisha,24,Jharsuguda,354,Lakhanpur,3836,Katarbaga,121852,Sukhadihi,298593,Sukhadihi,380938,380938,Sukhadihi,489,10,248,231,113,113,0,
265,Odisha,24,Jharsuguda,354,Lakhanpur,3836,Kudaloi,121862,Banjipali,298642,Banjara,381126,381024,Banjipali,104,46,50,8,26,26,0,
266,Odisha,24,Jharsuguda,354,Lakhanpur,3836,Kudaloi,121862,Kharkuni,298645,Khairkuni,381023,381023,Khairkuni,597,109,276,212,146,146,0,
267,Odisha,24,Jharsuguda,354,Lakhanpur,3836,Kudaloi,121862,Kudaloi,298641,Kudaloi,381009,381009,Kudaloi,5546,807,3146,1593,1175,662,0,
268,Odisha,24,Jharsuguda,354,Lakhanpur,3836,Kudaloi,121862,Tinginimal,298644,Tingismal,381022,381022,Tingismal,272,80,120,72,68,45,0,
269,Odisha,24,Jharsuguda,354,Lakhanpur,3836,Kumarbandha,121872,Bhatli,298683,,,381069,Bhatli,111,31,47,33,23,19,0,
270,Odisha,24,Jharsuguda,354,Lakhanpur,3836,Kumarbandha,121872,Kumbharbandh,298685,Kumbharbandh,381058,381058,Kumbharbandh,1791,382,901,508,513,513,0,
271,Odisha,24,Jharsuguda,354,Lakhanpur,3836,Kumarbandha,121872,Rengali,298682,Rengali,380947,381059,Rengali,627,59,2,566,152,152,0,
272,Odisha,24,Jharsuguda,354,Lakhanpur,3836,Kumarbandha,121872,Sahajbahal,298684,Sahajbahal,381065,381065,Sahajbahal,1285,417,650,218,510,510,0,
273,Odisha,24,Jharsuguda,354,Lakhanpur,3836,Kusraloi,121868,Andhapada,298665,Nua adhapada,381062,381062,Nua adhapada,91,30,41,20,20,20,0,
274,Odisha,24,Jharsuguda,354,Lakhanpur,3836,Kusraloi,121868,Baragad,298667,Baragad,381037,381037,Baragad,263,15,118,130,58,58,0,
275,Odisha,24,Jharsuguda,354,Lakhanpur,3836,Kusraloi,121868,Charrla,298666,Chharla,381049,381049,Chharla,415,118,195,102,65,63,0,
276,Odisha,24,Jharsuguda,354,Lakhanpur,3836,Kusraloi,121868,Kusraloi,298664,Kusraloi,381026,381026,Kusraloi,1825,41,1283,501,411,411,0,
277,Odisha,24,Jharsuguda,354,Lakhanpur,3836,Kusraloi,121868,Ubuda,298668,Ubuda,381025,381025,Ubuda,566,83,228,255,120,33,0,
278,Odisha,24,Jharsuguda,354,Lakhanpur,3836,Lakhanpur,121861,Karlajori,298639,Karlajori,381020,381020,Karlajori,17,0,17,0,4,4,0,
279,Odisha,24,Jharsuguda,354,Lakhanpur,3836,Lakhanpur,121861,Khaliapali,298640,Khaliapali,381019,381019,Khaliapali,217,41,72,104,53,53,0,
280,Odisha,24,Jharsuguda,354,Lakhanpur,3836,Lakhanpur,121861,Lakhampur,298635,Lakhanpur,381010,381010,Lakhanpur,3206,330,1507,1369,784,742,0,
281,Odisha,24,Jharsuguda,354,Lakhanpur,3836,Lakhanpur,121861,Mauliberena,298637,Mauliberena,381017,381017,Mauliberena,512,11,110,391,126,102,0,
282,Odisha,24,Jharsuguda,354,Lakhanpur,3836,Lakhanpur,121861,Pikol,298636,Pikol,381011,381011,Pikol,653,76,425,152,173,173,0,
283,Odisha,24,Jharsuguda,354,Lakhanpur,3836,Lakhanpur,121861,Soldia,298638,Soldia,381018,381018,Soldia,613,62,453,98,143,143,0,
284,Odisha,24,Jharsuguda,354,Lakhanpur,3836,Machida,121851,Barjha,298585,Barjha,380934,380934,Barjha,268,28,81,159,68,68,0,
285,Odisha,24,Jharsuguda,354,Lakhanpur,3836,Machida,121851,Deopali,298586,Deopali,380932,380932,Deopali,848,136,207,505,206,206,0,
286,Odisha,24,Jharsuguda,354,Lakhanpur,3836,Machida,121851,Jogidhipa,298587,Jogidhipa,380936,380936,Jogidhipa,126,3,74,49,31,31,0,
287,Odisha,24,Jharsuguda,354,Lakhanpur,3836,Machida,121851,Kandadihi,298588,Kandadihi,380937,380937,Kandadihi,283,7,200,76,70,70,0,
288,Odisha,24,Jharsuguda,354,Lakhanpur,3836,Machida,121851,Machida,298584,Machida,380933,380933,Machida,597,103,211,283,167,167,0,
289,Odisha,24,Jharsuguda,354,Lakhanpur,3836,Machida,121851,Nuadihi,298589,Nuadihi,380944,380944,Nuadihi,319,50,3,266,77,77,0,
290,Odisha,24,Jharsuguda,354,Lakhanpur,3836,Machida,121851,Tenganamal,298590,Tenganamal,380935,380935,Tenganamal,315,21,76,218,79,79,0,
291,Odisha,24,Jharsuguda,354,Lakhanpur,3836,Palsada,121855,Jharupada,298607,Jharupada,380981,380981,Jharupada,899,427,183,289,211,211,0,
292,Odisha,24,Jharsuguda,354,Lakhanpur,3836,Palsada,121855,Mahasingha,298609,Mahasingh,380961,380961,Mahasingh,529,150,105,274,118,118,0,
293,Odisha,24,Jharsuguda,354,Lakhanpur,3836,Palsada,121855,Nachenmura,298608,Nachenmura,380978,380978,Nachenmura,547,104,258,185,113,113,0,
294,Odisha,24,Jharsuguda,354,Lakhanpur,3836,Palsada,121855,Palsada,298605,Palsada,380980,380980,Palsada,1690,372,179,1139,408,408,0,
295,Odisha,24,Jharsuguda,354,Lakhanpur,3836,Palsada,121855,Panchpudugia,298606,Panchpudugia,380979,380979,Panchpudugia,239,23,124,92,62,62,0,
296,Odisha,24,Jharsuguda,354,Lakhanpur,3836,Palsada,121855,Renkuli,298610,Renkuli,380960,380960,Renkuli,351,47,92,212,92,92,0,
297,Odisha,24,Jharsuguda,354,Lakhanpur,3836,Panchagaon,121853,Bijapali,298597,Bijapali,380959,380959,Bijapali,824,200,63,561,185,185,0,
298,Odisha,24,Jharsuguda,354,Lakhanpur,3836,Panchagaon,121853,Panchgaon,298599,Panchgaon,380958,380958,Panchgaon,666,189,23,454,159,159,0,
299,Odisha,24,Jharsuguda,354,Lakhanpur,3836,Panchagaon,121853,Rengali,298598,Rengali,381059,380947,Rengali,983,125,656,202,244,244,0,
300,Odisha,24,Jharsuguda,354,Lakhanpur,3836,Panchagaon,121853,Sukalpali,298596,Sukalpali,380946,380946,Sukalpali,574,313,32,229,142,139,0,
301,Odisha,24,Jharsuguda,354,Lakhanpur,3836,Pandari,121867,Balanda,298663,Balanda,381032,381032,Balanda,544,105,256,183,119,119,0,
302,Odisha,24,Jharsuguda,354,Lakhanpur,3836,Pandari,121867,Benkmura,298662,Benkmura,381033,381033,Benkmura,322,110,71,141,77,71,0,
303,Odisha,24,Jharsuguda,354,Lakhanpur,3836,Pandari,121867,Pandri,298661,Pandri,381034,381034,Pandri,1871,276,657,938,566,566,0,
304,Odisha,24,Jharsuguda,354,Lakhanpur,3836,Pipilikani,121873,Batlaga,298688,Batlaga,381057,381057,Batlaga,443,182,175,86,114,112,0,
305,Odisha,24,Jharsuguda,354,Lakhanpur,3836,Pipilikani,121873,Bhejikud,298689,Bhejikud,381054,381054,Bhejikud,416,119,150,147,134,134,0,
306,Odisha,24,Jharsuguda,354,Lakhanpur,3836,Pipilikani,121873,Pipilikani,298686,Pipilikani,381053,381053,Pipilikani,2245,513,710,1022,544,544,0,
307,Odisha,24,Jharsuguda,354,Lakhanpur,3836,Pipilikani,121873,Sartang,298687,Sartang,381056,381056,Sartang,343,70,87,186,99,99,0,
308,Odisha,24,Jharsuguda,354,Lakhanpur,3836,Pipilimal,121864,Liakhai,298653,Lakhanpur,381010,381041,Liakhai,3210,330,1507,1373,788,98,0,
309,Odisha,24,Jharsuguda,354,Lakhanpur,3836,Pipilimal,121864,Pipilimal,298650,Pipilimal,381042,381042,Pipilimal,2276,342,830,1104,568,549,0,
310,Odisha,24,Jharsuguda,354,Lakhanpur,3836,Pipilimal,121864,Ujalpur,298651,Ujalpur,381039,381039,Ujalpur,645,10,607,28,169,123,0,
311,Odisha,24,Jharsuguda,354,Lakhanpur,3836,Pipilimal,121864,Ulap,298652,Lakhanpur,381010,381040,Ulap,3211,331,1508,1372,768,45,0,
312,Odisha,24,Jharsuguda,354,Lakhanpur,3836,Pithinda,121846,Amapali,298562,Amapali,380988,380988,Amapali,809,256,44,509,148,148,0,
313,Odisha,24,Jharsuguda,354,Lakhanpur,3836,Pithinda,121846,Gudum,298561,Gudum,380990,380990,Gudum,611,67,146,398,121,121,0,
314,Odisha,24,Jharsuguda,354,Lakhanpur,3836,Pithinda,121846,Nandapali,298563,Nandapali,380989,380989,Nandapali,215,142,38,35,46,46,0,
315,Odisha,24,Jharsuguda,354,Lakhanpur,3836,Pithinda,121846,Pithinda,298560,Pithinda,380991,380991,Pithinda,2470,1014,351,1105,634,634,0,
316,Odisha,24,Jharsuguda,354,Lakhanpur,3836,Rampela,121874,Barpali,298691,,,381067,Barpali,1610,684,448,478,593,593,0,
317,Odisha,24,Jharsuguda,354,Lakhanpur,3836,Rampela,121874,Rampela,298690,Rampela,381066,381066,Rampela,2973,581,1213,1179,745,745,0,
318,Odisha,24,Jharsuguda,354,Lakhanpur,3836,Remenda,121865,Bhutia,298655,Bhutia,381036,381036,Bhutia,579,121,290,168,149,149,0,
319,Odisha,24,Jharsuguda,354,Lakhanpur,3836,Remenda,121865,Remda,298654,Remda,381035,381035,Remenda,2858,267,1515,1076,709,684,0,
320,Odisha,24,Jharsuguda,354,Lakhanpur,3836,Remta,121844,Chikhili,298553,Chikhili,381001,381001,Chikhili,1194,349,30,815,292,292,0,
321,Odisha,24,Jharsuguda,354,Lakhanpur,3836,Remta,121844,Kiritmal,298554,Kiritmal,381002,381002,Kiritmal,709,74,145,490,167,167,0,
322,Odisha,24,Jharsuguda,354,Lakhanpur,3836,Remta,121844,Mohadi,298552,Mohadi,381003,381003,Mohadi,913,200,0,713,191,191,0,
323,Odisha,24,Jharsuguda,354,Lakhanpur,3836,Remta,121844,Remta,298550,Remta,381000,381000,Remta,1591,276,135,1180,385,385,0,
324,Odisha,24,Jharsuguda,354,Lakhanpur,3836,Remta,121844,Saradha,298551,Saradha,381004,381004,Saradha,624,117,142,365,142,142,0,
325,Odisha,24,Jharsuguda,354,Lakhanpur,3836,Samerbaga,121857,Chuikhunch,298619,Chuikhanch,380940,380940,Chuikhanch,161,0,92,69,44,38,0,
326,Odisha,24,Jharsuguda,354,Lakhanpur,3836,Samerbaga,121857,Debdarha,298620,Debdarha,380939,380939,Debdarha,171,0,49,122,46,16,30,
327,Odisha,24,Jharsuguda,354,Lakhanpur,3836,Samerbaga,121857,Duanmunda,298618,Duanmunda,380975,380975,Duanmunda,469,161,67,241,140,127,0,
328,Odisha,24,Jharsuguda,354,Lakhanpur,3836,Samerbaga,121857,Jhargaon (a),298614,Jhargaon(a),380966,380966,Jhargaon(a),385,18,55,312,103,73,0,
329,Odisha,24,Jharsuguda,354,Lakhanpur,3836,Samerbaga,121857,Kudabaga,298616,Kudabaga,380976,380976,Kudabaga,598,103,273,222,143,143,0,
330,Odisha,24,Jharsuguda,354,Lakhanpur,3836,Samerbaga,121857,Kuremal,298615,Kuremal,380941,380941,Kuremal,687,65,260,362,179,142,0,
331,Odisha,24,Jharsuguda,354,Lakhanpur,3836,Samerbaga,121857,Samarbaga,298617,Samarbaga,380965,380965,Samarbaga,785,55,266,464,214,214,0,
332,Odisha,24,Jharsuguda,354,Lakhanpur,3836,Sarandamal,121870,Darlipali,298673,Darlipali,381043,381043,Darlipali,324,76,90,158,79,58,0,
333,Odisha,24,Jharsuguda,354,Lakhanpur,3836,Sarandamal,121870,Khadam,298672,Khadam,381050,381050,Khadam,1482,302,386,794,394,394,0,
334,Odisha,24,Jharsuguda,354,Lakhanpur,3836,Sarandamal,121870,Kirarama,298671,Kirarama,381044,381044,Kirarama,902,88,635,179,268,268,0,
335,Odisha,24,Jharsuguda,354,Lakhanpur,3836,Sarandamal,121870,Sarandamal,298670,Sarandamal,381048,381048,Sarandamal,2246,607,685,954,608,608,0,
336,Odisha,24,Jharsuguda,354,Lakhanpur,3836,Sunari,121866,Barihapali,298659,Barihapali,381028,381028,Barihapali,734,34,449,251,156,156,0,
337,Odisha,24,Jharsuguda,354,Lakhanpur,3836,Sunari,121866,Beheramal,298657,Beheramal,381027,381027,Beheramal,829,96,240,493,211,211,0,
338,Odisha,24,Jharsuguda,354,Lakhanpur,3836,Sunari,121866,Kutripali,298658,Kutripali,381031,381031,Kutripali,689,282,352,55,167,153,0,
339,Odisha,24,Jharsuguda,354,Lakhanpur,3836,Sunari,121866,Patrapali,298660,Patrapali,381030,381030,Patrapali,328,72,187,69,83,76,0,
340,Odisha,24,Jharsuguda,354,Lakhanpur,3836,Sunari,121866,Sunari,298656,Sunari,381029,381029,Sunari,1250,302,528,420,334,331,0,
341,Odisha,24,Jharsuguda,354,Lakhanpur,3836,Talia,121875,Barangmal,298693,Barangamal,381070,381070,Barangamal,270,35,235,0,80,80,0,
342,Odisha,24,Jharsuguda,354,LAKHANPUR,3836,TALIA,121875,RAMELA (CHARMAL),298694,Ramela,381072,381072,Ramela,1898,391,1082,425,464,464,0,
343,Odisha,24,Jharsuguda,354,Lakhanpur,3836,Talia,121875,Singhaipali,298696,Singhaipali,381071,381071,Singhaipali,702,93,275,334,186,186,0,
344,Odisha,24,Jharsuguda,354,Lakhanpur,3836,Talia,121875,Tilia,298692,Tingismal,381022,381068,Tilia,1215,208,751,256,428,428,0,
345,Odisha,24,Jharsuguda,354,Lakhanpur,3836,Telenpali,121850,Banharapali,298583,Banaharapali,381063,381063,Banaharapali,3146,650,632,1864,847,847,0,
346,Odisha,24,Jharsuguda,354,Lakhanpur,3836,Telenpali,121850,Binika,298582,Binika,381038,381038,Binika,305,0,88,217,74,74,0,
347,Odisha,24,Jharsuguda,354,Lakhanpur,3836,Telenpali,121850,Chhadarma,298581,Chhadarma,381064,381064,Chhadarma,326,50,255,21,78,78,0,
348,Odisha,24,Jharsuguda,354,Lakhanpur,3836,Telenpali,121850,Telenpali,298580,Telenpali,381061,381061,Telenpali,1796,280,401,1115,473,473,0,
